iter	MultiClass
0	0.9132030618
1	0.7741773275
2	0.6663135434
3	0.5770041876
4	0.5035577991
5	0.4420649658
6	0.3896401005
7	0.3454690813
8	0.3071488534
9	0.273676874
10	0.2441422644
11	0.218221702
12	0.1959011286
13	0.1758371298
14	0.1583596884
15	0.142607613
16	0.1284088553
17	0.1156381465
18	0.1042653801
19	0.09402245022
20	0.08514766265
21	0.07723438316
22	0.06986027545
23	0.06317210543
24	0.05771897051
25	0.05232008585
26	0.04751674448
27	0.04325704818
28	0.03950606921
29	0.0361687394
30	0.03314626236
31	0.03044139026
32	0.02767400531
33	0.02522900131
34	0.02309261561
35	0.02103682209
36	0.01937829117
37	0.01767935758
38	0.01627180861
39	0.01486950689
40	0.01369749666
41	0.01259678145
42	0.01158578308
43	0.01062647238
44	0.009797964833
45	0.009088497036
46	0.008362178715
47	0.007855915744
48	0.00727683906
49	0.006878651746
50	0.006393360493
51	0.005920422371
52	0.005547781504
53	0.005175494231
54	0.004882904463
55	0.004567661077
56	0.004303006681
57	0.004104445634
58	0.003828457132
59	0.003660954036
60	0.003492820708
61	0.003331870972
62	0.003144509069
63	0.003005791658
64	0.002828386527
65	0.002682111656
66	0.002544738559
67	0.002437170316
68	0.002333461438
69	0.00224428414
70	0.002155558253
71	0.002058931209
72	0.001966872786
73	0.001903596234
74	0.001843436342
75	0.001782700835
76	0.001731884572
77	0.001663034254
78	0.001597314404
79	0.001537493321
80	0.001492569018
81	0.001453802294
82	0.001413350769
83	0.001381715034
84	0.001342616294
85	0.00130587667
86	0.001275294621
87	0.001239959058
88	0.001207813267
89	0.001180991145
90	0.001150831187
91	0.001127932325
92	0.001105361557
93	0.001078457492
94	0.00105379012
95	0.001033765299
96	0.001015451984
97	0.0009962915542
98	0.0009743722011
99	0.0009567767614
100	0.000940416698
101	0.0009242927471
102	0.0009050865798
103	0.0008900749322
104	0.0008731682535
105	0.0008593491779
106	0.0008479937448
107	0.000835105394
108	0.0008242026833
109	0.0008124883166
110	0.000800549581
111	0.000789392119
112	0.0007777005585
113	0.0007628428202
114	0.0007525160269
115	0.0007420946794
116	0.0007321138936
117	0.0007225304081
118	0.0007137688595
119	0.0007044983301
120	0.00069685939
121	0.0006883678482
122	0.0006811060755
123	0.0006733696642
124	0.0006653773542
125	0.0006583959978
126	0.0006507512204
127	0.0006404169746
128	0.0006335178555
129	0.0006268495835
130	0.0006200455033
131	0.0006110105266
132	0.0006017714431
133	0.0005952746824
134	0.0005891630852
135	0.0005827494712
136	0.0005768233971
137	0.0005709515365
138	0.0005653772396
139	0.0005553176147
140	0.0005502168212
141	0.0005450526424
142	0.0005397707538
143	0.0005346692878
144	0.0005275937739
145	0.0005222723522
146	0.0005176292553
147	0.0005125954117
148	0.0005080605845
149	0.000503314486
150	0.0004987480457
151	0.0004941575554
152	0.0004897054629
153	0.00048532646
154	0.0004797595537
155	0.0004759949914
156	0.00047084417
157	0.0004662851614
158	0.000462504527
159	0.0004585215678
160	0.0004545637934
161	0.0004499265019
162	0.0004441930467
163	0.000440153881
164	0.0004366007518
165	0.0004333731615
166	0.0004305595473
167	0.0004274823984
168	0.000424378319
169	0.0004216970745
170	0.0004184448982
171	0.0004151680801
172	0.0004121726704
173	0.0004082059604
174	0.0004051880785
175	0.0004013767679
176	0.0003984564913
177	0.0003957601765
178	0.000392959622
179	0.0003904123998
180	0.0003876915543
181	0.000385091786
182	0.0003824334906
183	0.0003794736549
184	0.0003763083523
185	0.0003736875914
186	0.0003705268269
187	0.0003682223704
188	0.0003657365326
189	0.0003637706531
190	0.0003611422607
191	0.0003583028695
192	0.0003553586894
193	0.0003526366188
194	0.0003507208152
195	0.0003486488009
196	0.0003467145443
197	0.0003427730146
198	0.0003407651027
199	0.0003384663571
200	0.0003364462544
201	0.0003338407202
202	0.0003318329305
203	0.0003298604375
204	0.0003277400083
205	0.0003259179914
206	0.0003240354238
207	0.0003217271963
208	0.0003199855204
209	0.0003182516872
210	0.0003162335375
211	0.0003143245456
212	0.0003126484388
213	0.0003102233541
214	0.0003084801251
215	0.0003070171766
216	0.0003054304095
217	0.0003038547603
218	0.0003016167308
219	0.0002986136412
220	0.0002971368861
221	0.000295122794
222	0.0002933833812
223	0.0002915102932
224	0.0002887215917
225	0.0002866552821
226	0.0002840420884
227	0.0002826258323
228	0.0002812132791
229	0.0002797599158
230	0.0002784324917
231	0.0002760880103
232	0.000273627235
233	0.000272169848
234	0.0002708319111
235	0.0002691502615
236	0.0002665887027
237	0.0002653010512
238	0.0002640139999
239	0.0002627751516
240	0.000261193127
241	0.0002600719599
242	0.0002589415742
243	0.0002574451719
244	0.0002565766131
245	0.0002550748491
246	0.000253608858
247	0.0002522267806
248	0.0002508327731
249	0.0002498117902
250	0.0002485935686
251	0.0002472114741
252	0.0002458319653
253	0.0002447835793
254	0.0002437885617
255	0.0002420296275
256	0.0002407566043
257	0.0002397057051
258	0.0002378854623
259	0.0002367389979
260	0.0002358992913
261	0.0002348984124
262	0.0002339636455
263	0.0002329233368
264	0.0002320879191
265	0.0002313245531
266	0.0002303891387
267	0.0002292414797
268	0.0002277642373
269	0.0002261768452
270	0.0002250297996
271	0.0002234733189
272	0.0002226380886
273	0.000221573006
274	0.0002211065898
275	0.0002204636044
276	0.0002195147843
277	0.0002174717513
278	0.0002164458889
279	0.0002158734492
280	0.0002149717227
281	0.000214387759
282	0.0002130315068
283	0.0002126757876
284	0.0002121774906
285	0.0002111755177
286	0.0002102465593
287	0.000209318023
288	0.0002083654492
289	0.0002074454737
290	0.0002066261661
291	0.0002049576664
292	0.0002041002962
293	0.0002036473197
294	0.0002026071697
295	0.0002017623171
296	0.0002010800162
297	0.0002006642359
298	0.000199935841
299	0.0001994780944
300	0.000198387413
301	0.0001977429376
302	0.0001968844178
303	0.0001961778469
304	0.0001954765894
305	0.0001948142429
306	0.0001939650733
307	0.0001935709428
308	0.0001925808109
309	0.0001914585007
310	0.0001906655638
311	0.0001896374748
312	0.0001888559043
313	0.0001880852033
314	0.0001878606704
315	0.0001871305314
316	0.000186764683
317	0.000186006489
318	0.0001856713466
319	0.0001849222559
320	0.0001842113121
321	0.00018387369
322	0.0001829824575
323	0.0001823930647
324	0.0001815662584
325	0.0001812577902
326	0.0001810848407
327	0.0001803817473
328	0.0001800990355
329	0.0001794579798
330	0.0001788267375
331	0.0001781206636
332	0.0001774816883
333	0.0001767974222
334	0.0001762370198
335	0.0001756908892
336	0.0001748821864
337	0.0001742965375
338	0.0001740488366
339	0.0001734616184
340	0.0001728400976
341	0.0001723053779
342	0.0001714735766
343	0.0001706609983
344	0.0001700595928
345	0.0001692453184
346	0.0001690058424
347	0.0001687717565
348	0.0001681575265
349	0.0001679257274
350	0.0001677021972
351	0.000167488086
352	0.0001673556573
353	0.0001671445996
354	0.000166510308
355	0.0001657337175
356	0.0001651813875
357	0.0001650029994
358	0.0001644467923
359	0.0001636917296
360	0.0001635212979
361	0.0001629483949
362	0.0001627647234
363	0.0001621962757
364	0.0001612230198
365	0.0001607132134
366	0.0001606022358
367	0.0001604443164
368	0.0001602825667
369	0.0001597713637
370	0.000159085528
371	0.0001589286669
372	0.0001587734372
373	0.0001582702525
374	0.0001581783508
375	0.0001580856097
376	0.0001572996591
377	0.0001571562221
378	0.0001566759476
379	0.000156540114
380	0.0001563997194
381	0.0001559095716
382	0.000155781433
383	0.0001552592703
384	0.0001547878547
385	0.0001546636467
386	0.0001541315912
387	0.0001540107342
388	0.0001535164884
389	0.0001526848579
390	0.0001522237287
391	0.0001521067302
392	0.0001520034704
393	0.0001514114282
394	0.0001512932804
395	0.0001508183152
396	0.0001502480193
397	0.0001496440751
398	0.0001495359011
399	0.0001491660701
400	0.0001490071497
401	0.0001485641296
402	0.0001481642864
403	0.0001476927789
404	0.0001476310069
405	0.0001471768505
406	0.0001466756893
407	0.0001461832717
408	0.0001457109302
409	0.0001456159238
410	0.0001455192829
411	0.0001451109651
412	0.0001446758654
413	0.000144582616
414	0.0001444822624
415	0.000144067464
416	0.0001440112
417	0.0001439091671
418	0.0001433555819
419	0.0001432705667
420	0.0001431939439
421	0.0001431086267
422	0.0001427733621
423	0.0001426827951
424	0.0001426031736
425	0.0001425542616
426	0.000142507915
427	0.000142431168
428	0.000141945906
429	0.0001414150293
430	0.0001409742794
431	0.0001409287843
432	0.0001405680213
433	0.0001404929743
434	0.0001400811945
435	0.0001396679585
436	0.000139591824
437	0.0001391728026
438	0.0001391034434
439	0.0001385859632
440	0.0001385089411
441	0.000138449672
442	0.0001380739827
443	0.0001376886038
444	0.0001371855935
445	0.0001366846589
446	0.0001366246332
447	0.0001361963565
448	0.0001361341289
449	0.0001360680265
450	0.0001360003434
451	0.0001356041916
452	0.0001355330477
453	0.0001354948751
454	0.0001351333007
455	0.0001350780198
456	0.0001350252918
457	0.000134988933
458	0.0001349380862
459	0.0001348392588
460	0.0001347843136
461	0.0001347277036
462	0.0001343782188
463	0.0001340087412
464	0.0001339557971
465	0.0001335909236
466	0.0001335358735
467	0.0001331351858
468	0.0001330888202
469	0.0001327587292
470	0.0001327059613
471	0.0001326578373
472	0.0001326048045
473	0.0001321646947
474	0.0001321140306
475	0.0001320608677
476	0.0001315841582
477	0.0001315405448
478	0.000131510501
479	0.0001311824607
480	0.0001311480498
481	0.0001311202931
482	0.0001307757068
483	0.0001307368422
484	0.0001306979638
485	0.0001303222114
486	0.0001302807324
487	0.0001302368891
488	0.0001301913882
489	0.0001301501903
490	0.0001298348669
491	0.000129613706
492	0.0001292633327
493	0.000129218715
494	0.0001288526691
495	0.0001288210434
496	0.0001287780292
497	0.0001284125582
498	0.0001283852193
499	0.0001279628583
500	0.0001276221339
501	0.0001272419368
502	0.0001269898813
503	0.0001266196703
504	0.0001261986363
505	0.000125898423
506	0.0001254950307
507	0.0001251619981
508	0.0001247546254
509	0.0001244157
510	0.000124368165
511	0.0001239923006
512	0.0001239517862
513	0.0001237567214
514	0.0001237314731
515	0.0001237046589
516	0.0001233808946
517	0.0001230723272
518	0.0001225719495
519	0.0001225331708
520	0.0001221277453
521	0.000122093567
522	0.0001218602674
523	0.0001215851013
524	0.0001215550234
525	0.0001215194463
526	0.0001212282147
527	0.0001212037608
528	0.0001209036456
529	0.0001208807938
530	0.0001205618599
531	0.0001205323995
532	0.000120244519
533	0.0001202100856
534	0.0001201757994
535	0.0001201478421
536	0.0001198249545
537	0.0001197899184
538	0.0001194839743
539	0.0001192215856
540	0.0001188534629
541	0.0001188256996
542	0.000118801041
543	0.0001185837438
544	0.0001185560635
545	0.0001185267227
546	0.0001184978202
547	0.0001184627614
548	0.0001184276034
549	0.0001181040572
550	0.000118079579
551	0.0001180480724
552	0.00011774301
553	0.0001177141805
554	0.0001176883588
555	0.0001176648801
556	0.0001172984426
557	0.0001170209551
558	0.0001169995992
559	0.0001169761592
560	0.000116643615
561	0.0001166208119
562	0.0001164714197
563	0.0001162100835
564	0.0001161830759
565	0.0001161554965
566	0.000116135503
567	0.0001158424377
568	0.0001155395318
569	0.0001152167342
570	0.0001148766051
571	0.0001148551997
572	0.0001148307546
573	0.0001148121454
574	0.0001147869856
575	0.0001145439463
576	0.0001145163032
577	0.0001144893151
578	0.0001144624852
579	0.0001144351593
580	0.0001144161166
581	0.0001143966391
582	0.0001141231385
583	0.0001141024736
584	0.0001137772184
585	0.0001135245244
586	0.0001134985027
587	0.0001134788979
588	0.000113458336
589	0.0001134394097
590	0.0001134183274
591	0.0001131300198
592	0.0001128485673
593	0.0001125873986
594	0.0001125675789
595	0.0001122437336
596	0.0001122181636
597	0.0001119545315
598	0.0001117134566
599	0.000111690897
600	0.000111388977
601	0.000111366835
602	0.0001110944538
603	0.000110781782
604	0.000110757665
605	0.0001104433383
606	0.0001104252641
607	0.0001101305759
608	0.0001101085328
609	0.0001100872574
610	0.0001098301175
611	0.0001096989301
612	0.0001096235644
613	0.0001096027626
614	0.0001095809219
615	0.0001095502881
616	0.0001092446229
617	0.0001090013458
618	0.0001087409322
619	0.0001087068345
620	0.0001086882987
621	0.0001084086511
622	0.0001083937227
623	0.0001081327506
624	0.0001080658363
625	0.0001079513534
626	0.0001077135327
627	0.0001074181338
628	0.0001072453553
629	0.0001072301469
630	0.0001072119213
631	0.000106885189
632	0.0001068668154
633	0.0001068464055
634	0.0001068272164
635	0.00010680697
636	0.0001067908293
637	0.0001067733904
638	0.0001065117309
639	0.0001062388262
640	0.0001062192644
641	0.000105988128
642	0.0001057006173
643	0.0001056877947
644	0.0001054079139
645	0.0001051794795
646	0.0001049027761
647	0.0001048851943
648	0.0001048665765
649	0.0001048457339
650	0.0001045758638
651	0.000104364437
652	0.0001043454129
653	0.0001043225568
654	0.0001041008538
655	0.000104082565
656	0.000104064103
657	0.0001040463165
658	0.0001039586882
659	0.0001039422255
660	0.000103924763
661	0.0001037199596
662	0.0001036562614
663	0.0001034211748
664	0.0001030901042
665	0.0001028679267
666	0.0001028538689
667	0.0001028343859
668	0.0001026050858
669	0.0001025848735
670	0.0001025712448
671	0.0001023471348
672	0.000102270551
673	0.000102043566
674	0.0001017260662
675	0.0001016661269
676	0.0001016425849
677	0.000101469975
678	0.0001014552471
679	0.0001011754951
680	0.0001009762791
681	0.0001009623385
682	0.0001007214355
683	0.0001007048983
684	0.0001006901486
685	0.0001005088942
686	0.0001004934784
687	0.0001002375126
688	0.0001002187327
689	0.0001000302563
690	0.0001000124468
691	9.979361681e-05
692	9.978107724e-05
693	9.976559896e-05
694	9.975104697e-05
695	9.954808209e-05
696	9.932051689e-05
697	9.930359208e-05
698	9.911739104e-05
699	9.910431604e-05
700	9.909256833e-05
701	9.907859566e-05
702	9.9065124e-05
703	9.904886019e-05
704	9.883714443e-05
705	9.858969957e-05
706	9.857616787e-05
707	9.85620266e-05
708	9.855015527e-05
709	9.835144836e-05
710	9.812396855e-05
711	9.793023253e-05
712	9.762458069e-05
713	9.74122295e-05
714	9.710467611e-05
715	9.709153484e-05
716	9.707957474e-05
717	9.706470204e-05
718	9.687356743e-05
719	9.68611031e-05
720	9.661192553e-05
721	9.638644953e-05
722	9.616551635e-05
723	9.596468483e-05
724	9.5841872e-05
725	9.564598938e-05
726	9.563175864e-05
727	9.561721579e-05
728	9.560310737e-05
729	9.538220447e-05
730	9.519038334e-05
731	9.497949566e-05
732	9.482028099e-05
733	9.477784778e-05
734	9.455459414e-05
735	9.437629015e-05
736	9.436343547e-05
737	9.43507018e-05
738	9.433756055e-05
739	9.415806418e-05
740	9.395825198e-05
741	9.394354967e-05
742	9.376872313e-05
743	9.358770928e-05
744	9.357458428e-05
745	9.356471341e-05
746	9.352185288e-05
747	9.350885397e-05
748	9.337486008e-05
749	9.336551916e-05
750	9.331314152e-05
751	9.329877768e-05
752	9.313075357e-05
753	9.294710681e-05
754	9.282080442e-05
755	9.261985832e-05
756	9.260598573e-05
757	9.259522285e-05
758	9.241290762e-05
759	9.235185636e-05
760	9.234008806e-05
761	9.232915457e-05
762	9.2308485e-05
763	9.203748387e-05
764	9.20281408e-05
765	9.185500967e-05
766	9.184219895e-05
767	9.181735282e-05
768	9.180648982e-05
769	9.179153464e-05
770	9.160573194e-05
771	9.137790785e-05
772	9.123980159e-05
773	9.104767693e-05
774	9.103816096e-05
775	9.08734869e-05
776	9.069939052e-05
777	9.054812073e-05
778	9.037858107e-05
779	9.03667959e-05
780	9.035468884e-05
781	9.016038083e-05
782	8.999643378e-05
783	8.984647573e-05
784	8.9834141e-05
785	8.969028188e-05
786	8.967997159e-05
787	8.966699411e-05
788	8.965499715e-05
789	8.964170398e-05
790	8.948856678e-05
791	8.947908376e-05
792	8.933410334e-05
793	8.932198868e-05
794	8.930503971e-05
795	8.929257033e-05
796	8.909521622e-05
797	8.908412607e-05
798	8.907426512e-05
799	8.906212887e-05
800	8.905089374e-05
801	8.889251775e-05
802	8.872625115e-05
803	8.871111433e-05
804	8.853488831e-05
805	8.852357662e-05
806	8.832768937e-05
807	8.831784526e-05
808	8.818839261e-05
809	8.80005993e-05
810	8.798884769e-05
811	8.797839201e-05
812	8.796745544e-05
813	8.795655773e-05
814	8.79471568e-05
815	8.779964709e-05
816	8.763448595e-05
817	8.748188446e-05
818	8.74698836e-05
819	8.745741024e-05
820	8.729840333e-05
821	8.728818365e-05
822	8.727893014e-05
823	8.719464798e-05
824	8.696704853e-05
825	8.681311797e-05
826	8.680393975e-05
827	8.679280468e-05
828	8.678136737e-05
829	8.676953164e-05
830	8.675803575e-05
831	8.674725748e-05
832	8.660581817e-05
833	8.645137264e-05
834	8.630691433e-05
835	8.629903886e-05
836	8.628910687e-05
837	8.627910562e-05
838	8.625379925e-05
839	8.61144074e-05
840	8.610254202e-05
841	8.609265011e-05
842	8.607027852e-05
843	8.594523316e-05
844	8.593406248e-05
845	8.592364941e-05
846	8.59110112e-05
847	8.589936559e-05
848	8.575555392e-05
849	8.561261881e-05
850	8.551927417e-05
851	8.538426365e-05
852	8.537524788e-05
853	8.536287605e-05
854	8.524627781e-05
855	8.521614862e-05
856	8.504098687e-05
857	8.503310917e-05
858	8.489452063e-05
859	8.481484798e-05
860	8.480602735e-05
861	8.479611887e-05
862	8.478372785e-05
863	8.477482011e-05
864	8.460533903e-05
865	8.459375651e-05
866	8.458431397e-05
867	8.437069075e-05
868	8.423612931e-05
869	8.421407176e-05
870	8.408465449e-05
871	8.407567763e-05
872	8.406554806e-05
873	8.405143582e-05
874	8.394095781e-05
875	8.377517692e-05
876	8.376602682e-05
877	8.375612231e-05
878	8.374521574e-05
879	8.373636782e-05
880	8.372830992e-05
881	8.366633205e-05
882	8.344962007e-05
883	8.332609582e-05
884	8.33165784e-05
885	8.316955542e-05
886	8.315857932e-05
887	8.296046267e-05
888	8.295154906e-05
889	8.280570815e-05
890	8.279493381e-05
891	8.254909722e-05
892	8.253917102e-05
893	8.25305017e-05
894	8.238142656e-05
895	8.225686204e-05
896	8.224716842e-05
897	8.203315575e-05
898	8.202611062e-05
899	8.201557424e-05
900	8.189220912e-05
901	8.188351904e-05
902	8.187593682e-05
903	8.186709564e-05
904	8.185188766e-05
905	8.184269409e-05
906	8.183445241e-05
907	8.170874036e-05
908	8.156643336e-05
909	8.155798648e-05
910	8.154974438e-05
911	8.142249107e-05
912	8.139053852e-05
913	8.1381637e-05
914	8.131225456e-05
915	8.115091709e-05
916	8.114238992e-05
917	8.098037341e-05
918	8.082399371e-05
919	8.062013021e-05
920	8.060886064e-05
921	8.060183759e-05
922	8.059242634e-05
923	8.05850929e-05
924	8.045694607e-05
925	8.030883945e-05
926	8.015478775e-05
927	8.014873544e-05
928	8.013887971e-05
929	8.013150303e-05
930	8.01240336e-05
931	8.011385179e-05
932	8.010684824e-05
933	8.009923752e-05
934	7.997374885e-05
935	7.99248542e-05
936	7.991520157e-05
937	7.989699996e-05
938	7.988876438e-05
939	7.987872022e-05
940	7.986919935e-05
941	7.986013494e-05
942	7.984952434e-05
943	7.972475933e-05
944	7.971695695e-05
945	7.956010502e-05
946	7.952698368e-05
947	7.951961578e-05
948	7.951053279e-05
949	7.950130211e-05
950	7.945155657e-05
951	7.929937504e-05
952	7.918799929e-05
953	7.9178361e-05
954	7.909427864e-05
955	7.899376216e-05
956	7.898226442e-05
957	7.89764099e-05
958	7.882463026e-05
959	7.873998629e-05
960	7.86920861e-05
961	7.854337686e-05
962	7.853607158e-05
963	7.852678558e-05
964	7.844442714e-05
965	7.841449354e-05
966	7.840691963e-05
967	7.839915554e-05
968	7.824576205e-05
969	7.810893607e-05
970	7.809951714e-05
971	7.809188987e-05
972	7.804389512e-05
973	7.792944321e-05
974	7.791765674e-05
975	7.79079821e-05
976	7.788938773e-05
977	7.788183146e-05
978	7.78750491e-05
979	7.773854299e-05
980	7.760025508e-05
981	7.749356342e-05
982	7.748528176e-05
983	7.735706526e-05
984	7.723899694e-05
985	7.723164071e-05
986	7.72204402e-05
987	7.710251185e-05
988	7.697210497e-05
989	7.696463508e-05
990	7.695768951e-05
991	7.68370972e-05
992	7.683036061e-05
993	7.67693429e-05
994	7.664315251e-05
995	7.663550711e-05
996	7.651803302e-05
997	7.640277787e-05
998	7.639605957e-05
999	7.639052989e-05
1000	7.624474698e-05
1001	7.62366359e-05
1002	7.612487924e-05
1003	7.601994716e-05
1004	7.587110638e-05
1005	7.586575198e-05
1006	7.581121652e-05
1007	7.577956081e-05
1008	7.576810169e-05
1009	7.574021397e-05
1010	7.573225819e-05
1011	7.57258024e-05
1012	7.571979586e-05
1013	7.563022444e-05
1014	7.549438973e-05
1015	7.54853124e-05
1016	7.547812201e-05
1017	7.536193232e-05
1018	7.523370286e-05
1019	7.522794539e-05
1020	7.52197678e-05
1021	7.521245944e-05
1022	7.520427658e-05
1023	7.51981206e-05
1024	7.517793738e-05
1025	7.506680484e-05
1026	7.506006772e-05
1027	7.488956809e-05
1028	7.478035044e-05
1029	7.477423962e-05
1030	7.476621251e-05
1031	7.47572049e-05
1032	7.474753157e-05
1033	7.474051488e-05
1034	7.473491652e-05
1035	7.460118103e-05
1036	7.450814702e-05
1037	7.449971212e-05
1038	7.44032477e-05
1039	7.439679944e-05
1040	7.430468373e-05
1041	7.429736062e-05
1042	7.429198241e-05
1043	7.42845038e-05
1044	7.427759909e-05
1045	7.42690751e-05
1046	7.413498757e-05
1047	7.412963489e-05
1048	7.402268109e-05
1049	7.401372322e-05
1050	7.389219581e-05
1051	7.388461313e-05
1052	7.377468011e-05
1053	7.366905515e-05
1054	7.355325693e-05
1055	7.350963736e-05
1056	7.350271278e-05
1057	7.347788611e-05
1058	7.338193016e-05
1059	7.337355987e-05
1060	7.336528876e-05
1061	7.335905153e-05
1062	7.323968147e-05
1063	7.312591605e-05
1064	7.311848433e-05
1065	7.296249396e-05
1066	7.295574767e-05
1067	7.285205323e-05
1068	7.284339328e-05
1069	7.283775328e-05
1070	7.28310774e-05
1071	7.275722652e-05
1072	7.264124109e-05
1073	7.263183405e-05
1074	7.252239002e-05
1075	7.24247961e-05
1076	7.241703718e-05
1077	7.238922364e-05
1078	7.238162395e-05
1079	7.237640132e-05
1080	7.237118712e-05
1081	7.224096386e-05
1082	7.223294631e-05
1083	7.221665528e-05
1084	7.220909404e-05
1085	7.220340151e-05
1086	7.218189069e-05
1087	7.209047763e-05
1088	7.208475134e-05
1089	7.207222174e-05
1090	7.206524803e-05
1091	7.197305856e-05
1092	7.196718342e-05
1093	7.185664199e-05
1094	7.184871035e-05
1095	7.184328411e-05
1096	7.1836981e-05
1097	7.172770044e-05
1098	7.172017496e-05
1099	7.162329761e-05
1100	7.148015973e-05
1101	7.147477084e-05
1102	7.136281946e-05
1103	7.135644914e-05
1104	7.126868668e-05
1105	7.126299553e-05
1106	7.125765081e-05
1107	7.115517935e-05
1108	7.103893459e-05
1109	7.093762932e-05
1110	7.092356367e-05
1111	7.091719766e-05
1112	7.080237482e-05
1113	7.079512694e-05
1114	7.078830975e-05
1115	7.078042813e-05
1116	7.077396007e-05
1117	7.076884276e-05
1118	7.076327242e-05
1119	7.066751568e-05
1120	7.06614158e-05
1121	7.05522164e-05
1122	7.054736462e-05
1123	7.054202929e-05
1124	7.053674535e-05
1125	7.053087934e-05
1126	7.052455081e-05
1127	7.042505518e-05
1128	7.035604237e-05
1129	7.021944083e-05
1130	7.021344336e-05
1131	7.010469555e-05
1132	7.001344117e-05
1133	7.000632939e-05
1134	6.991314917e-05
1135	6.981115798e-05
1136	6.980608235e-05
1137	6.971926265e-05
1138	6.971221083e-05
1139	6.970524288e-05
1140	6.969879532e-05
1141	6.962781971e-05
1142	6.961809382e-05
1143	6.961273388e-05
1144	6.960632677e-05
1145	6.957731226e-05
1146	6.949342478e-05
1147	6.948696856e-05
1148	6.939594267e-05
1149	6.938842558e-05
1150	6.930987452e-05
1151	6.922611018e-05
1152	6.922051834e-05
1153	6.910570973e-05
1154	6.908497337e-05
1155	6.900784063e-05
1156	6.893104204e-05
1157	6.892621719e-05
1158	6.891971456e-05
1159	6.891394429e-05
1160	6.890756809e-05
1161	6.889495101e-05
1162	6.877775486e-05
1163	6.868557007e-05
1164	6.867943547e-05
1165	6.859155355e-05
1166	6.858636868e-05
1167	6.858003721e-05
1168	6.857585118e-05
1169	6.857130446e-05
1170	6.85649581e-05
1171	6.84626396e-05
1172	6.845781283e-05
1173	6.845093902e-05
1174	6.844124149e-05
1175	6.843463097e-05
1176	6.84294499e-05
1177	6.832269484e-05
1178	6.831326832e-05
1179	6.830628513e-05
1180	6.816751598e-05
1181	6.816172175e-05
1182	6.815645458e-05
1183	6.803584835e-05
1184	6.792807714e-05
1185	6.784398365e-05
1186	6.779983732e-05
1187	6.779402888e-05
1188	6.770344615e-05
1189	6.760698528e-05
1190	6.760176667e-05
1191	6.749833816e-05
1192	6.749177461e-05
1193	6.742217763e-05
1194	6.734209801e-05
1195	6.732213421e-05
1196	6.725139841e-05
1197	6.724618962e-05
1198	6.723479973e-05
1199	6.722962377e-05
1200	6.714552775e-05
1201	6.714004332e-05
1202	6.703767069e-05
1203	6.695307824e-05
1204	6.693108317e-05
1205	6.683902156e-05
1206	6.680684995e-05
1207	6.680013137e-05
1208	6.678653377e-05
1209	6.678127391e-05
1210	6.677164881e-05
1211	6.676536821e-05
1212	6.67589059e-05
1213	6.675303687e-05
1214	6.674336891e-05
1215	6.670651158e-05
1216	6.670057882e-05
1217	6.669445763e-05
1218	6.6604177e-05
1219	6.659832977e-05
1220	6.659347998e-05
1221	6.658590997e-05
1222	6.649118639e-05
1223	6.648484354e-05
1224	6.639841592e-05
1225	6.639184376e-05
1226	6.62962557e-05
1227	6.629175373e-05
1228	6.628669591e-05
1229	6.617986093e-05
1230	6.617475017e-05
1231	6.607239332e-05
1232	6.599152432e-05
1233	6.59139428e-05
1234	6.581612809e-05
1235	6.573850605e-05
1236	6.57329032e-05
1237	6.572703189e-05
1238	6.572190078e-05
1239	6.571648851e-05
1240	6.571113272e-05
1241	6.561011177e-05
1242	6.5601154e-05
1243	6.559530802e-05
1244	6.559081078e-05
1245	6.558511293e-05
1246	6.558097764e-05
1247	6.557522309e-05
1248	6.55696287e-05
1249	6.556394631e-05
1250	6.555845266e-05
1251	6.555334234e-05
1252	6.554843397e-05
1253	6.546005464e-05
1254	6.536467751e-05
1255	6.528014735e-05
1256	6.517750486e-05
1257	6.517083787e-05
1258	6.510249948e-05
1259	6.509693472e-05
1260	6.509232247e-05
1261	6.508659308e-05
1262	6.499484926e-05
1263	6.498919012e-05
1264	6.490005021e-05
1265	6.489535833e-05
1266	6.48897407e-05
1267	6.488453775e-05
1268	6.48780811e-05
1269	6.487414473e-05
1270	6.486746849e-05
1271	6.48615602e-05
1272	6.485634358e-05
1273	6.485158745e-05
1274	6.480142603e-05
1275	6.479495626e-05
1276	6.478881171e-05
1277	6.478370184e-05
1278	6.477854737e-05
1279	6.477433092e-05
1280	6.476848739e-05
1281	6.467577106e-05
1282	6.463291478e-05
1283	6.459894187e-05
1284	6.459320399e-05
1285	6.458654397e-05
1286	6.458127965e-05
1287	6.455777019e-05
1288	6.455237262e-05
1289	6.454703623e-05
1290	6.454161496e-05
1291	6.453592407e-05
1292	6.453018891e-05
1293	6.452652212e-05
1294	6.445179374e-05
1295	6.444736707e-05
1296	6.444216606e-05
1297	6.438889933e-05
1298	6.438257463e-05
1299	6.436442219e-05
1300	6.436029031e-05
1301	6.427651485e-05
1302	6.427097003e-05
1303	6.419360937e-05
1304	6.411420707e-05
1305	6.404658896e-05
1306	6.404197634e-05
1307	6.394758002e-05
1308	6.394237585e-05
1309	6.391273439e-05
1310	6.390784462e-05
1311	6.390242003e-05
1312	6.381854237e-05
1313	6.379909634e-05
1314	6.378624634e-05
1315	6.378346751e-05
1316	6.377834464e-05
1317	6.377317509e-05
1318	6.376756908e-05
1319	6.376216283e-05
1320	6.367536517e-05
1321	6.366956277e-05
1322	6.360867379e-05
1323	6.352659056e-05
1324	6.350630024e-05
1325	6.349855133e-05
1326	6.341787608e-05
1327	6.33474161e-05
1328	6.333612343e-05
1329	6.325168537e-05
1330	6.323047576e-05
1331	6.315620956e-05
1332	6.315108487e-05
1333	6.314643021e-05
1334	6.313992124e-05
1335	6.305138467e-05
1336	6.304348594e-05
1337	6.303916731e-05
1338	6.297537418e-05
1339	6.289626951e-05
1340	6.288643447e-05
1341	6.27978887e-05
1342	6.2718237e-05
1343	6.264579424e-05
1344	6.256611533e-05
1345	6.256238213e-05
1346	6.255666057e-05
1347	6.254873107e-05
1348	6.25433889e-05
1349	6.242921077e-05
1350	6.241496492e-05
1351	6.240554887e-05
1352	6.23963847e-05
1353	6.239194318e-05
1354	6.238659583e-05
1355	6.238153978e-05
1356	6.230571691e-05
1357	6.222886385e-05
1358	6.221741157e-05
1359	6.220994912e-05
1360	6.209640346e-05
1361	6.209053627e-05
1362	6.208573469e-05
1363	6.206553916e-05
1364	6.206011698e-05
1365	6.205613216e-05
1366	6.205186057e-05
1367	6.204765697e-05
1368	6.204438056e-05
1369	6.195839864e-05
1370	6.195132476e-05
1371	6.18781233e-05
1372	6.187293566e-05
1373	6.186854966e-05
1374	6.180481064e-05
1375	6.180020312e-05
1376	6.179455055e-05
1377	6.168314421e-05
1378	6.167829577e-05
1379	6.158375066e-05
1380	6.157223884e-05
1381	6.148342135e-05
1382	6.147814083e-05
1383	6.14726872e-05
1384	6.146763559e-05
1385	6.141564826e-05
1386	6.141022908e-05
1387	6.136982631e-05
1388	6.127745723e-05
1389	6.127254289e-05
1390	6.117862281e-05
1391	6.110934976e-05
1392	6.101447743e-05
1393	6.101049992e-05
1394	6.095264485e-05
1395	6.087121649e-05
1396	6.079783495e-05
1397	6.074518249e-05
1398	6.073603283e-05
1399	6.073104839e-05
1400	6.07269215e-05
1401	6.065396206e-05
1402	6.057394673e-05
1403	6.049833021e-05
1404	6.043822292e-05
1405	6.043390983e-05
1406	6.04290994e-05
1407	6.036450606e-05
1408	6.030471029e-05
1409	6.022381e-05
1410	6.011823448e-05
1411	6.011326255e-05
1412	6.003235402e-05
1413	5.995415142e-05
1414	5.988979985e-05
1415	5.98851368e-05
1416	5.980559673e-05
1417	5.973533407e-05
1418	5.966374105e-05
1419	5.965797662e-05
1420	5.965390114e-05
1421	5.957506089e-05
1422	5.957036759e-05
1423	5.949175054e-05
1424	5.94884067e-05
1425	5.940722211e-05
1426	5.934385989e-05
1427	5.933957765e-05
1428	5.933524038e-05
1429	5.933006086e-05
1430	5.932266138e-05
1431	5.931854596e-05
1432	5.931477033e-05
1433	5.930945092e-05
1434	5.925472442e-05
1435	5.923954729e-05
1436	5.917638429e-05
1437	5.914772373e-05
1438	5.914250609e-05
1439	5.906725961e-05
1440	5.906288033e-05
1441	5.896071042e-05
1442	5.895626794e-05
1443	5.895099635e-05
1444	5.894701043e-05
1445	5.894202775e-05
1446	5.887382248e-05
1447	5.886984245e-05
1448	5.886563511e-05
1449	5.884426036e-05
1450	5.883981463e-05
1451	5.88360448e-05
1452	5.883193409e-05
1453	5.882750038e-05
1454	5.87515318e-05
1455	5.86772551e-05
1456	5.861592053e-05
1457	5.861162824e-05
1458	5.852908544e-05
1459	5.852376904e-05
1460	5.850056016e-05
1461	5.849591621e-05
1462	5.843423154e-05
1463	5.84297903e-05
1464	5.842293838e-05
1465	5.836787776e-05
1466	5.832095068e-05
1467	5.8265544e-05
1468	5.826006307e-05
1469	5.825654361e-05
1470	5.825106448e-05
1471	5.820463894e-05
1472	5.820130487e-05
1473	5.819649442e-05
1474	5.819153039e-05
1475	5.811857994e-05
1476	5.811371294e-05
1477	5.811002825e-05
1478	5.806438157e-05
1479	5.799067791e-05
1480	5.794011064e-05
1481	5.793661852e-05
1482	5.793181456e-05
1483	5.785361182e-05
1484	5.784878499e-05
1485	5.784428924e-05
1486	5.784088979e-05
1487	5.777198336e-05
1488	5.776753269e-05
1489	5.77556693e-05
1490	5.775055483e-05
1491	5.772298806e-05
1492	5.770163269e-05
1493	5.769710278e-05
1494	5.769287998e-05
1495	5.768826912e-05
1496	5.760513717e-05
1497	5.753742915e-05
1498	5.753220284e-05
1499	5.752746551e-05
1500	5.749865234e-05
1501	5.749490497e-05
1502	5.74900318e-05
1503	5.742125844e-05
1504	5.74186859e-05
1505	5.737351264e-05
1506	5.737021859e-05
1507	5.736574543e-05
1508	5.72956033e-05
1509	5.729200642e-05
1510	5.722370745e-05
1511	5.714798749e-05
1512	5.714297053e-05
1513	5.71310325e-05
1514	5.712757007e-05
1515	5.712368135e-05
1516	5.709143165e-05
1517	5.707776207e-05
1518	5.700828804e-05
1519	5.697912148e-05
1520	5.697542331e-05
1521	5.691468964e-05
1522	5.684047629e-05
1523	5.683581173e-05
1524	5.682575588e-05
1525	5.675313752e-05
1526	5.669557793e-05
1527	5.669164028e-05
1528	5.667919246e-05
1529	5.662145217e-05
1530	5.66174331e-05
1531	5.6612462e-05
1532	5.659801333e-05
1533	5.659434051e-05
1534	5.658959133e-05
1535	5.658224692e-05
1536	5.657763765e-05
1537	5.650771173e-05
1538	5.648845775e-05
1539	5.648452842e-05
1540	5.648019575e-05
1541	5.64187561e-05
1542	5.635429411e-05
1543	5.633779853e-05
1544	5.628485352e-05
1545	5.62365008e-05
1546	5.61764025e-05
1547	5.613586173e-05
1548	5.613129476e-05
1549	5.605836321e-05
1550	5.598791968e-05
1551	5.598308318e-05
1552	5.595390639e-05
1553	5.595172091e-05
1554	5.593884218e-05
1555	5.586881518e-05
1556	5.580295245e-05
1557	5.579787056e-05
1558	5.579313082e-05
1559	5.578781304e-05
1560	5.57853622e-05
1561	5.569285471e-05
1562	5.568928817e-05
1563	5.568532746e-05
1564	5.568094987e-05
1565	5.562290502e-05
1566	5.561887e-05
1567	5.561477618e-05
1568	5.558534714e-05
1569	5.554746306e-05
1570	5.554393426e-05
1571	5.553948538e-05
1572	5.553583618e-05
1573	5.548328504e-05
1574	5.547486124e-05
1575	5.541001539e-05
1576	5.539746694e-05
1577	5.539322692e-05
1578	5.534358718e-05
1579	5.533081406e-05
1580	5.532647771e-05
1581	5.53229813e-05
1582	5.531924116e-05
1583	5.531502499e-05
1584	5.530416836e-05
1585	5.530066782e-05
1586	5.528833447e-05
1587	5.524386431e-05
1588	5.524034474e-05
1589	5.523683815e-05
1590	5.523305364e-05
1591	5.517758695e-05
1592	5.517444537e-05
1593	5.517064109e-05
1594	5.511530416e-05
1595	5.506068408e-05
1596	5.500631063e-05
1597	5.50019935e-05
1598	5.499538986e-05
1599	5.494359555e-05
1600	5.494089492e-05
1601	5.493811845e-05
1602	5.49346162e-05
1603	5.49314153e-05
1604	5.49223927e-05
1605	5.490979622e-05
1606	5.490551171e-05
1607	5.489752224e-05
1608	5.489499673e-05
1609	5.489165565e-05
1610	5.484777213e-05
1611	5.479828429e-05
1612	5.479415335e-05
1613	5.477196492e-05
1614	5.475078946e-05
1615	5.474699037e-05
1616	5.474086747e-05
1617	5.469646356e-05
1618	5.469225507e-05
1619	5.468838463e-05
1620	5.468419746e-05
1621	5.465881387e-05
1622	5.4608127e-05
1623	5.456877531e-05
1624	5.456484398e-05
1625	5.452251268e-05
1626	5.448369148e-05
1627	5.447113243e-05
1628	5.445701924e-05
1629	5.445328778e-05
1630	5.444968471e-05
1631	5.444627269e-05
1632	5.441859658e-05
1633	5.433610565e-05
1634	5.433304584e-05
1635	5.432913598e-05
1636	5.427702246e-05
1637	5.427259141e-05
1638	5.426902211e-05
1639	5.426593567e-05
1640	5.42615882e-05
1641	5.425773834e-05
1642	5.424854682e-05
1643	5.424259274e-05
1644	5.417179081e-05
1645	5.416200664e-05
1646	5.415820769e-05
1647	5.415513748e-05
1648	5.415150017e-05
1649	5.409592915e-05
1650	5.403135398e-05
1651	5.402826599e-05
1652	5.402375916e-05
1653	5.401522808e-05
1654	5.401174991e-05
1655	5.400804863e-05
1656	5.400458989e-05
1657	5.394055963e-05
1658	5.39360167e-05
1659	5.393252411e-05
1660	5.388586888e-05
1661	5.383963016e-05
1662	5.383451326e-05
1663	5.38307004e-05
1664	5.377654623e-05
1665	5.37730518e-05
1666	5.372301587e-05
1667	5.371003493e-05
1668	5.365828644e-05
1669	5.364914031e-05
1670	5.360648929e-05
1671	5.355150077e-05
1672	5.354828288e-05
1673	5.354453705e-05
1674	5.354015196e-05
1675	5.353772854e-05
1676	5.348576359e-05
1677	5.34723078e-05
1678	5.346952286e-05
1679	5.339595273e-05
1680	5.334582306e-05
1681	5.334138794e-05
1682	5.329176109e-05
1683	5.32445922e-05
1684	5.324127873e-05
1685	5.318559102e-05
1686	5.318175557e-05
1687	5.317816539e-05
1688	5.315926474e-05
1689	5.315597371e-05
1690	5.315253555e-05
1691	5.309020403e-05
1692	5.301269001e-05
1693	5.300919143e-05
1694	5.300524545e-05
1695	5.300127721e-05
1696	5.298826065e-05
1697	5.292576129e-05
1698	5.291584676e-05
1699	5.286805368e-05
1700	5.284929713e-05
1701	5.28461265e-05
1702	5.279627192e-05
1703	5.279340505e-05
1704	5.278872064e-05
1705	5.278002512e-05
1706	5.277393976e-05
1707	5.275785107e-05
1708	5.270518891e-05
1709	5.270160315e-05
1710	5.265999843e-05
1711	5.265687445e-05
1712	5.261165294e-05
1713	5.260785963e-05
1714	5.260553029e-05
1715	5.25455511e-05
1716	5.253628956e-05
1717	5.248132231e-05
1718	5.247744453e-05
1719	5.246939012e-05
1720	5.246325416e-05
1721	5.24602032e-05
1722	5.245605826e-05
1723	5.240039828e-05
1724	5.23947408e-05
1725	5.238508387e-05
1726	5.23817107e-05
1727	5.237762622e-05
1728	5.231544043e-05
1729	5.231093802e-05
1730	5.230816686e-05
1731	5.230486588e-05
1732	5.230145727e-05
1733	5.22984873e-05
1734	5.225496962e-05
1735	5.220696678e-05
1736	5.218915428e-05
1737	5.21670665e-05
1738	5.215334081e-05
1739	5.215021181e-05
1740	5.214705805e-05
1741	5.208800043e-05
1742	5.20834283e-05
1743	5.208015818e-05
1744	5.207737329e-05
1745	5.207137633e-05
1746	5.206835126e-05
1747	5.206500847e-05
1748	5.206147625e-05
1749	5.201988519e-05
1750	5.196944704e-05
1751	5.192404888e-05
1752	5.1920461e-05
1753	5.191103431e-05
1754	5.186145737e-05
1755	5.185785376e-05
1756	5.185548434e-05
1757	5.184715087e-05
1758	5.179811115e-05
1759	5.179432349e-05
1760	5.179194102e-05
1761	5.178903382e-05
1762	5.178580957e-05
1763	5.178205739e-05
1764	5.176621072e-05
1765	5.176314331e-05
1766	5.17172057e-05
1767	5.170823091e-05
1768	5.170622683e-05
1769	5.170267097e-05
1770	5.169884387e-05
1771	5.169502406e-05
1772	5.169234861e-05
1773	5.168691547e-05
1774	5.168312756e-05
1775	5.167940301e-05
1776	5.1676223e-05
1777	5.161796418e-05
1778	5.161237666e-05
1779	5.160926279e-05
1780	5.160586505e-05
1781	5.160222725e-05
1782	5.154702065e-05
1783	5.153770503e-05
1784	5.153451845e-05
1785	5.153114784e-05
1786	5.152099992e-05
1787	5.151068684e-05
1788	5.150532305e-05
1789	5.144666343e-05
1790	5.139996766e-05
1791	5.139699144e-05
1792	5.139290775e-05
1793	5.135530601e-05
1794	5.134504225e-05
1795	5.133419374e-05
1796	5.133109215e-05
1797	5.132814655e-05
1798	5.132607148e-05
1799	5.132002291e-05
1800	5.131566426e-05
1801	5.131208186e-05
1802	5.130610856e-05
1803	5.130235574e-05
1804	5.12996734e-05
1805	5.129330183e-05
1806	5.124931765e-05
1807	5.124581304e-05
1808	5.124181437e-05
1809	5.123954206e-05
1810	5.119326397e-05
1811	5.113743623e-05
1812	5.108343704e-05
1813	5.102109321e-05
1814	5.101801466e-05
1815	5.101638289e-05
1816	5.101341524e-05
1817	5.101072996e-05
1818	5.096093751e-05
1819	5.095830423e-05
1820	5.095551361e-05
1821	5.095215537e-05
1822	5.094453316e-05
1823	5.094100356e-05
1824	5.088767184e-05
1825	5.082913886e-05
1826	5.082561744e-05
1827	5.077066674e-05
1828	5.076742299e-05
1829	5.076006544e-05
1830	5.07374388e-05
1831	5.073451817e-05
1832	5.071376216e-05
1833	5.066675007e-05
1834	5.062484819e-05
1835	5.056490815e-05
1836	5.056136359e-05
1837	5.055828054e-05
1838	5.052233615e-05
1839	5.051924671e-05
1840	5.051524637e-05
1841	5.050787311e-05
1842	5.049961617e-05
1843	5.049685766e-05
1844	5.04930572e-05
1845	5.049036033e-05
1846	5.04197089e-05
1847	5.041604051e-05
1848	5.037692338e-05
1849	5.033074821e-05
1850	5.032763913e-05
1851	5.027232127e-05
1852	5.026887157e-05
1853	5.02214378e-05
1854	5.021875632e-05
1855	5.017058736e-05
1856	5.011721224e-05
1857	5.011451305e-05
1858	5.005948027e-05
1859	5.000321519e-05
1860	4.999976804e-05
1861	4.996075556e-05
1862	4.995185312e-05
1863	4.994803769e-05
1864	4.994657811e-05
1865	4.994453262e-05
1866	4.994116576e-05
1867	4.989028487e-05
1868	4.987479969e-05
1869	4.982381876e-05
1870	4.982150831e-05
1871	4.981078214e-05
1872	4.980786482e-05
1873	4.980477899e-05
1874	4.980151967e-05
1875	4.977364089e-05
1876	4.977055568e-05
1877	4.972266097e-05
1878	4.97195257e-05
1879	4.971725239e-05
1880	4.968487739e-05
1881	4.968290857e-05
1882	4.966878211e-05
1883	4.962567957e-05
1884	4.962210802e-05
1885	4.962023884e-05
1886	4.961732469e-05
1887	4.957673935e-05
1888	4.95318722e-05
1889	4.952873829e-05
1890	4.952582072e-05
1891	4.951684258e-05
1892	4.947037633e-05
1893	4.94181246e-05
1894	4.937849467e-05
1895	4.934309583e-05
1896	4.933991161e-05
1897	4.933704877e-05
1898	4.9294386e-05
1899	4.924218763e-05
1900	4.923939573e-05
1901	4.918733906e-05
1902	4.918264767e-05
1903	4.917931376e-05
1904	4.917451207e-05
1905	4.913653842e-05
1906	4.913393536e-05
1907	4.908949438e-05
1908	4.908633556e-05
1909	4.908347344e-05
1910	4.907848681e-05
1911	4.907532296e-05
1912	4.907198184e-05
1913	4.906937395e-05
1914	4.906610262e-05
1915	4.906234929e-05
1916	4.905390996e-05
1917	4.900453853e-05
1918	4.895064066e-05
1919	4.891155209e-05
1920	4.890575036e-05
1921	4.890288057e-05
1922	4.889443191e-05
1923	4.889249542e-05
1924	4.884233952e-05
1925	4.880334891e-05
1926	4.875097638e-05
1927	4.874842516e-05
1928	4.871114036e-05
1929	4.870764462e-05
1930	4.870394495e-05
1931	4.870197256e-05
1932	4.869854109e-05
1933	4.869624992e-05
1934	4.86930529e-05
1935	4.865294425e-05
1936	4.864938262e-05
1937	4.860789372e-05
1938	4.86037872e-05
1939	4.85933628e-05
1940	4.859011464e-05
1941	4.858699498e-05
1942	4.858463867e-05
1943	4.85815677e-05
1944	4.854591046e-05
1945	4.854186431e-05
1946	4.853920318e-05
1947	4.853804812e-05
1948	4.850260592e-05
1949	4.845433712e-05
1950	4.845056537e-05
1951	4.84475762e-05
1952	4.844513099e-05
1953	4.840066781e-05
1954	4.83635545e-05
1955	4.835619556e-05
1956	4.834625077e-05
1957	4.833861283e-05
1958	4.830318489e-05
1959	4.830056696e-05
1960	4.829712732e-05
1961	4.829337362e-05
1962	4.825367558e-05
1963	4.824697578e-05
1964	4.819895225e-05
1965	4.819573993e-05
1966	4.819280302e-05
1967	4.818955431e-05
1968	4.815465817e-05
1969	4.815219596e-05
1970	4.814973526e-05
1971	4.814299619e-05
1972	4.807718809e-05
1973	4.807148427e-05
1974	4.806852837e-05
1975	4.806708031e-05
1976	4.800252974e-05
1977	4.79940136e-05
1978	4.794773616e-05
1979	4.794560281e-05
1980	4.794189589e-05
1981	4.793860682e-05
1982	4.79360864e-05
1983	4.793236394e-05
1984	4.792925782e-05
1985	4.792419873e-05
1986	4.792176221e-05
1987	4.786977068e-05
1988	4.786736223e-05
1989	4.786467378e-05
1990	4.781374518e-05
1991	4.781171316e-05
1992	4.780468188e-05
1993	4.773771482e-05
1994	4.773478959e-05
1995	4.773147645e-05
1996	4.772879327e-05
1997	4.772319687e-05
1998	4.767060755e-05
1999	4.766800084e-05
2000	4.765075524e-05
2001	4.764796733e-05
2002	4.757892419e-05
2003	4.757698695e-05
2004	4.756750581e-05
2005	4.756440874e-05
2006	4.756191003e-05
2007	4.754685006e-05
2008	4.754411241e-05
2009	4.754153706e-05
2010	4.753671551e-05
2011	4.752766012e-05
2012	4.752305037e-05
2013	4.748374016e-05
2014	4.747627758e-05
2015	4.746947635e-05
2016	4.745109983e-05
2017	4.740303537e-05
2018	4.739716606e-05
2019	4.736548813e-05
2020	4.73622925e-05
2021	4.732984493e-05
2022	4.729650433e-05
2023	4.729394338e-05
2024	4.724729581e-05
2025	4.720137446e-05
2026	4.719855853e-05
2027	4.7195795e-05
2028	4.715200641e-05
2029	4.714717229e-05
2030	4.714411337e-05
2031	4.712557442e-05
2032	4.71227395e-05
2033	4.70629604e-05
2034	4.70610431e-05
2035	4.705839226e-05
2036	4.70557959e-05
2037	4.7052797e-05
2038	4.704984079e-05
2039	4.700346128e-05
2040	4.700230984e-05
2041	4.695499913e-05
2042	4.690925472e-05
2043	4.690673294e-05
2044	4.690043096e-05
2045	4.689767556e-05
2046	4.689541747e-05
2047	4.687213687e-05
2048	4.686981226e-05
2049	4.681565822e-05
2050	4.676482157e-05
2051	4.671621503e-05
2052	4.67137805e-05
2053	4.671172911e-05
2054	4.666361711e-05
2055	4.663144396e-05
2056	4.662832933e-05
2057	4.658281486e-05
2058	4.656132895e-05
2059	4.655891873e-05
2060	4.649769439e-05
2061	4.649525817e-05
2062	4.649185921e-05
2063	4.648885486e-05
2064	4.648627772e-05
2065	4.647934227e-05
2066	4.647017217e-05
2067	4.646223196e-05
2068	4.645561106e-05
2069	4.64107409e-05
2070	4.638312634e-05
2071	4.633607309e-05
2072	4.631450388e-05
2073	4.631173807e-05
2074	4.627969242e-05
2075	4.627712978e-05
2076	4.627001213e-05
2077	4.626774628e-05
2078	4.625502248e-05
2079	4.622545826e-05
2080	4.62224959e-05
2081	4.618156665e-05
2082	4.613783559e-05
2083	4.613509497e-05
2084	4.613301503e-05
2085	4.608337636e-05
2086	4.608168369e-05
2087	4.60785289e-05
2088	4.603695411e-05
2089	4.600550291e-05
2090	4.60025356e-05
2091	4.59734777e-05
2092	4.596536805e-05
2093	4.592960348e-05
2094	4.592334183e-05
2095	4.592094649e-05
2096	4.588837276e-05
2097	4.588475241e-05
2098	4.585466238e-05
2099	4.585257815e-05
2100	4.580882135e-05
2101	4.575883301e-05
2102	4.57184138e-05
2103	4.569055224e-05
2104	4.565668848e-05
2105	4.565396499e-05
2106	4.56377302e-05
2107	4.563548244e-05
2108	4.563237463e-05
2109	4.562908649e-05
2110	4.558548351e-05
2111	4.557888912e-05
2112	4.557690089e-05
2113	4.557405529e-05
2114	4.554006924e-05
2115	4.553740794e-05
2116	4.549157284e-05
2117	4.548925004e-05
2118	4.548614514e-05
2119	4.545722857e-05
2120	4.54307658e-05
2121	4.54279752e-05
2122	4.539733137e-05
2123	4.539434115e-05
2124	4.535083015e-05
2125	4.534881775e-05
2126	4.53102035e-05
2127	4.530741489e-05
2128	4.527393425e-05
2129	4.523390575e-05
2130	4.518382271e-05
2131	4.517944352e-05
2132	4.514175429e-05
2133	4.513854756e-05
2134	4.510787947e-05
2135	4.510540872e-05
2136	4.509863167e-05
2137	4.509437295e-05
2138	4.506133489e-05
2139	4.505876688e-05
2140	4.505603495e-05
2141	4.505470741e-05
2142	4.505198351e-05
2143	4.502306285e-05
2144	4.502022013e-05
2145	4.50092675e-05
2146	4.500639073e-05
2147	4.495793607e-05
2148	4.492214456e-05
2149	4.491958835e-05
2150	4.49036396e-05
2151	4.485463494e-05
2152	4.482507152e-05
2153	4.482209434e-05
2154	4.478449603e-05
2155	4.478237298e-05
2156	4.478014033e-05
2157	4.47529822e-05
2158	4.472064439e-05
2159	4.468423525e-05
2160	4.46822292e-05
2161	4.467916307e-05
2162	4.465011112e-05
2163	4.464861417e-05
2164	4.464363038e-05
2165	4.464140938e-05
2166	4.463415809e-05
2167	4.459231635e-05
2168	4.458120078e-05
2169	4.457212571e-05
2170	4.451943492e-05
2171	4.451736447e-05
2172	4.447727469e-05
2173	4.443488248e-05
2174	4.443208189e-05
2175	4.442934153e-05
2176	4.441443412e-05
2177	4.440859759e-05
2178	4.440618419e-05
2179	4.435862912e-05
2180	4.430217881e-05
2181	4.429401597e-05
2182	4.429202062e-05
2183	4.428752663e-05
2184	4.42862504e-05
2185	4.425587051e-05
2186	4.425324879e-05
2187	4.425078619e-05
2188	4.421285571e-05
2189	4.42102779e-05
2190	4.417916115e-05
2191	4.417452932e-05
2192	4.417220752e-05
2193	4.416944826e-05
2194	4.412802254e-05
2195	4.408766655e-05
2196	4.408516308e-05
2197	4.407563286e-05
2198	4.40729417e-05
2199	4.407052547e-05
2200	4.406548278e-05
2201	4.406356068e-05
2202	4.40330351e-05
2203	4.403046745e-05
2204	4.402763992e-05
2205	4.40218003e-05
2206	4.401769907e-05
2207	4.401520091e-05
2208	4.401249117e-05
2209	4.400979832e-05
2210	4.400768815e-05
2211	4.400490867e-05
2212	4.400259798e-05
2213	4.400069544e-05
2214	4.396284171e-05
2215	4.395570236e-05
2216	4.39502148e-05
2217	4.392060116e-05
2218	4.391572245e-05
2219	4.390460647e-05
2220	4.390206869e-05
2221	4.389923072e-05
2222	4.389609954e-05
2223	4.389411403e-05
2224	4.388987408e-05
2225	4.388752815e-05
2226	4.388513493e-05
2227	4.388248005e-05
2228	4.388107415e-05
2229	4.385294529e-05
2230	4.385044322e-05
2231	4.384835803e-05
2232	4.381480061e-05
2233	4.379002763e-05
2234	4.37466796e-05
2235	4.371269705e-05
2236	4.371137165e-05
2237	4.370899661e-05
2238	4.367285244e-05
2239	4.367002582e-05
2240	4.364094845e-05
2241	4.361304587e-05
2242	4.361074115e-05
2243	4.3603733e-05
2244	4.360088608e-05
2245	4.356923448e-05
2246	4.354026841e-05
2247	4.353450403e-05
2248	4.352871796e-05
2249	4.352625801e-05
2250	4.352381674e-05
2251	4.347084155e-05
2252	4.345664101e-05
2253	4.345394844e-05
2254	4.345171429e-05
2255	4.344996121e-05
2256	4.344724341e-05
2257	4.341032915e-05
2258	4.340826353e-05
2259	4.337755023e-05
2260	4.337523332e-05
2261	4.337301386e-05
2262	4.33706939e-05
2263	4.33680752e-05
2264	4.336548147e-05
2265	4.336318785e-05
2266	4.336156348e-05
2267	4.335905846e-05
2268	4.332804012e-05
2269	4.332059057e-05
2270	4.329118508e-05
2271	4.32885216e-05
2272	4.324583804e-05
2273	4.321753063e-05
2274	4.319062401e-05
2275	4.318867478e-05
2276	4.318489314e-05
2277	4.317837669e-05
2278	4.317604686e-05
2279	4.314910991e-05
2280	4.314623006e-05
2281	4.309047567e-05
2282	4.307867034e-05
2283	4.307686344e-05
2284	4.307450659e-05
2285	4.307219514e-05
2286	4.306993797e-05
2287	4.306868511e-05
2288	4.306227899e-05
2289	4.30569086e-05
2290	4.304924538e-05
2291	4.304215034e-05
2292	4.303906594e-05
2293	4.303367118e-05
2294	4.299972284e-05
2295	4.299743758e-05
2296	4.295872905e-05
2297	4.295585985e-05
2298	4.295340366e-05
2299	4.295166436e-05
2300	4.294913103e-05
2301	4.291646307e-05
2302	4.291255068e-05
2303	4.288017709e-05
2304	4.283941178e-05
2305	4.279058269e-05
2306	4.278949703e-05
2307	4.278378194e-05
2308	4.278116787e-05
2309	4.277048001e-05
2310	4.272152531e-05
2311	4.271937713e-05
2312	4.271693289e-05
2313	4.267065295e-05
2314	4.264700905e-05
2315	4.264384862e-05
2316	4.264169893e-05
2317	4.263222965e-05
2318	4.262975203e-05
2319	4.262687581e-05
2320	4.261808901e-05
2321	4.261582294e-05
2322	4.261458306e-05
2323	4.261219885e-05
2324	4.260983913e-05
2325	4.260737932e-05
2326	4.257800364e-05
2327	4.25751766e-05
2328	4.257263094e-05
2329	4.254869981e-05
2330	4.25084826e-05
2331	4.250613819e-05
2332	4.246869936e-05
2333	4.246587433e-05
2334	4.246338169e-05
2335	4.242800724e-05
2336	4.242534204e-05
2337	4.242360841e-05
2338	4.239236635e-05
2339	4.238923236e-05
2340	4.238752845e-05
2341	4.235186899e-05
2342	4.234964521e-05
2343	4.234726327e-05
2344	4.230747485e-05
2345	4.23055382e-05
2346	4.230352152e-05
2347	4.22841064e-05
2348	4.224705769e-05
2349	4.221583114e-05
2350	4.221073559e-05
2351	4.220884e-05
2352	4.220489024e-05
2353	4.220309359e-05
2354	4.217280511e-05
2355	4.213250619e-05
2356	4.213138829e-05
2357	4.212898607e-05
2358	4.212715535e-05
2359	4.210419997e-05
2360	4.208058819e-05
2361	4.20574636e-05
2362	4.205502646e-05
2363	4.203011807e-05
2364	4.202768076e-05
2365	4.202522836e-05
2366	4.199898043e-05
2367	4.199320275e-05
2368	4.196868146e-05
2369	4.196660301e-05
2370	4.19398321e-05
2371	4.193791486e-05
2372	4.193631883e-05
2373	4.193446726e-05
2374	4.193221673e-05
2375	4.192686704e-05
2376	4.1894217e-05
2377	4.189252662e-05
2378	4.189011776e-05
2379	4.188722132e-05
2380	4.188353448e-05
2381	4.185376571e-05
2382	4.182909054e-05
2383	4.179346826e-05
2384	4.176024846e-05
2385	4.172679125e-05
2386	4.172424213e-05
2387	4.168669951e-05
2388	4.168499113e-05
2389	4.167983228e-05
2390	4.167768458e-05
2391	4.163950141e-05
2392	4.163390737e-05
2393	4.16210237e-05
2394	4.161890771e-05
2395	4.158420756e-05
2396	4.154799091e-05
2397	4.152569431e-05
2398	4.152358157e-05
2399	4.152227559e-05
2400	4.151946163e-05
2401	4.151717528e-05
2402	4.147863741e-05
2403	4.147628714e-05
2404	4.14738966e-05
2405	4.147203277e-05
2406	4.146997584e-05
2407	4.146571701e-05
2408	4.146375662e-05
2409	4.143838412e-05
2410	4.143641781e-05
2411	4.141058835e-05
2412	4.138348649e-05
2413	4.136452797e-05
2414	4.134262887e-05
2415	4.1340522e-05
2416	4.133844688e-05
2417	4.131121534e-05
2418	4.130938403e-05
2419	4.127401131e-05
2420	4.126792697e-05
2421	4.126585045e-05
2422	4.126202385e-05
2423	4.125909575e-05
2424	4.12567968e-05
2425	4.125065347e-05
2426	4.124844288e-05
2427	4.124270534e-05
2428	4.123906889e-05
2429	4.123586045e-05
2430	4.123368927e-05
2431	4.123157359e-05
2432	4.122961085e-05
2433	4.122764495e-05
2434	4.122548595e-05
2435	4.122341601e-05
2436	4.122055115e-05
2437	4.121658568e-05
2438	4.119387583e-05
2439	4.119199124e-05
2440	4.118964384e-05
2441	4.118734316e-05
2442	4.118580077e-05
2443	4.118433177e-05
2444	4.115926604e-05
2445	4.113231513e-05
2446	4.10873265e-05
2447	4.104098174e-05
2448	4.103928401e-05
2449	4.103692292e-05
2450	4.10345592e-05
2451	4.101674508e-05
2452	4.101426289e-05
2453	4.097480178e-05
2454	4.092801288e-05
2455	4.092260884e-05
2456	4.091977785e-05
2457	4.090489033e-05
2458	4.090275475e-05
2459	4.086658939e-05
2460	4.086431027e-05
2461	4.084073256e-05
2462	4.080663757e-05
2463	4.080464958e-05
2464	4.079664013e-05
2465	4.077066948e-05
2466	4.076516732e-05
2467	4.076337992e-05
2468	4.076150238e-05
2469	4.075921433e-05
2470	4.075348386e-05
2471	4.074991443e-05
2472	4.070244519e-05
2473	4.070025395e-05
2474	4.069816989e-05
2475	4.069660086e-05
2476	4.069297552e-05
2477	4.069087042e-05
2478	4.066729233e-05
2479	4.063687055e-05
2480	4.060154089e-05
2481	4.060049839e-05
2482	4.059886261e-05
2483	4.056425163e-05
2484	4.055653242e-05
2485	4.055476364e-05
2486	4.052426884e-05
2487	4.049603834e-05
2488	4.049482627e-05
2489	4.049280515e-05
2490	4.046521594e-05
2491	4.046070632e-05
2492	4.044793458e-05
2493	4.044559074e-05
2494	4.044397262e-05
2495	4.043934188e-05
2496	4.043723018e-05
2497	4.043545208e-05
2498	4.03997817e-05
2499	4.039418567e-05
2500	4.039176804e-05
2501	4.038995668e-05
2502	4.038769066e-05
2503	4.037674138e-05
2504	4.034045963e-05
2505	4.033829771e-05
2506	4.033313566e-05
2507	4.031036622e-05
2508	4.030827637e-05
2509	4.03044964e-05
2510	4.030206902e-05
2511	4.026849035e-05
2512	4.026678939e-05
2513	4.022258943e-05
2514	4.022048037e-05
2515	4.01826338e-05
2516	4.018027623e-05
2517	4.017834858e-05
2518	4.016951944e-05
2519	4.016529305e-05
2520	4.016304651e-05
2521	4.016106607e-05
2522	4.016008857e-05
2523	4.012062753e-05
2524	4.007339324e-05
2525	4.007105803e-05
2526	4.006936353e-05
2527	4.006455949e-05
2528	4.00618593e-05
2529	4.002736302e-05
2530	4.002523713e-05
2531	4.002046514e-05
2532	4.001831668e-05
2533	4.001593994e-05
2534	4.001392966e-05
2535	4.000758621e-05
2536	3.996806457e-05
2537	3.996267539e-05
2538	3.995283145e-05
2539	3.991875829e-05
2540	3.991703629e-05
2541	3.989275778e-05
2542	3.989065843e-05
2543	3.988849482e-05
2544	3.988674666e-05
2545	3.987531939e-05
2546	3.987324027e-05
2547	3.987150917e-05
2548	3.986999971e-05
2549	3.986828779e-05
2550	3.986352161e-05
2551	3.983818069e-05
2552	3.981150338e-05
2553	3.980526534e-05
2554	3.980189162e-05
2555	3.979985865e-05
2556	3.979458917e-05
2557	3.97908201e-05
2558	3.978880025e-05
2559	3.97835914e-05
2560	3.978142969e-05
2561	3.976886284e-05
2562	3.976694138e-05
2563	3.976490837e-05
2564	3.976335667e-05
2565	3.972744622e-05
2566	3.971630297e-05
2567	3.971271574e-05
2568	3.970847816e-05
2569	3.970473728e-05
2570	3.967680312e-05
2571	3.96748046e-05
2572	3.966433945e-05
2573	3.966094646e-05
2574	3.965896803e-05
2575	3.965698077e-05
2576	3.965457944e-05
2577	3.96491898e-05
2578	3.962512014e-05
2579	3.96191284e-05
2580	3.961225055e-05
2581	3.961117237e-05
2582	3.958841735e-05
2583	3.95831266e-05
2584	3.955393908e-05
2585	3.954205736e-05
2586	3.954044158e-05
2587	3.950626074e-05
2588	3.950438298e-05
2589	3.950209142e-05
2590	3.949981593e-05
2591	3.949848201e-05
2592	3.94964973e-05
2593	3.949475453e-05
2594	3.947101327e-05
2595	3.944203963e-05
2596	3.944035894e-05
2597	3.943817586e-05
2598	3.94364437e-05
2599	3.941920335e-05
2600	3.94175446e-05
2601	3.94153611e-05
2602	3.941227669e-05
2603	3.941060504e-05
2604	3.940821445e-05
2605	3.940685119e-05
2606	3.940511738e-05
2607	3.940295592e-05
2608	3.940122403e-05
2609	3.939908185e-05
2610	3.939755848e-05
2611	3.937731303e-05
2612	3.936766516e-05
2613	3.933391203e-05
2614	3.930214036e-05
2615	3.928454691e-05
2616	3.92831231e-05
2617	3.92534293e-05
2618	3.925118593e-05
2619	3.924728681e-05
2620	3.924220054e-05
2621	3.922018351e-05
2622	3.921830633e-05
2623	3.921623571e-05
2624	3.921410539e-05
2625	3.921222929e-05
2626	3.921116221e-05
2627	3.920731731e-05
2628	3.920542761e-05
2629	3.920368224e-05
2630	3.920206155e-05
2631	3.918387803e-05
2632	3.918207929e-05
2633	3.918021192e-05
2634	3.917822358e-05
2635	3.917372918e-05
2636	3.917011461e-05
2637	3.916432476e-05
2638	3.913111763e-05
2639	3.910879784e-05
2640	3.909774323e-05
2641	3.909537588e-05
2642	3.909322199e-05
2643	3.909126392e-05
2644	3.906183219e-05
2645	3.905910715e-05
2646	3.903864513e-05
2647	3.90366016e-05
2648	3.903440662e-05
2649	3.903214026e-05
2650	3.902996097e-05
2651	3.902771941e-05
2652	3.902586567e-05
2653	3.899718958e-05
2654	3.899525679e-05
2655	3.899291455e-05
2656	3.896866767e-05
2657	3.893924807e-05
2658	3.893620333e-05
2659	3.893411802e-05
2660	3.890458268e-05
2661	3.888036231e-05
2662	3.887881839e-05
2663	3.887578869e-05
2664	3.885303799e-05
2665	3.881913893e-05
2666	3.881727722e-05
2667	3.881550065e-05
2668	3.879721236e-05
2669	3.879512493e-05
2670	3.879363459e-05
2671	3.877216532e-05
2672	3.87451703e-05
2673	3.874222333e-05
2674	3.870764449e-05
2675	3.870569038e-05
2676	3.868320177e-05
2677	3.8681374e-05
2678	3.867948138e-05
2679	3.86518802e-05
2680	3.864960027e-05
2681	3.861725632e-05
2682	3.858715867e-05
2683	3.858197316e-05
2684	3.857963649e-05
2685	3.857818015e-05
2686	3.857546501e-05
2687	3.85529585e-05
2688	3.85295443e-05
2689	3.852802894e-05
2690	3.849663176e-05
2691	3.849094028e-05
2692	3.84637855e-05
2693	3.846158766e-05
2694	3.845853029e-05
2695	3.845619004e-05
2696	3.845474668e-05
2697	3.843551206e-05
2698	3.841928474e-05
2699	3.841767019e-05
2700	3.841597777e-05
2701	3.838987703e-05
2702	3.835958194e-05
2703	3.831885123e-05
2704	3.830915012e-05
2705	3.830752057e-05
2706	3.828663741e-05
2707	3.825746405e-05
2708	3.825549956e-05
2709	3.824895875e-05
2710	3.824711244e-05
2711	3.824526549e-05
2712	3.820439299e-05
2713	3.819788758e-05
2714	3.819221172e-05
2715	3.81897464e-05
2716	3.818854062e-05
2717	3.818671302e-05
2718	3.818462943e-05
2719	3.815427041e-05
2720	3.8149408e-05
2721	3.810656118e-05
2722	3.810495586e-05
2723	3.808329653e-05
2724	3.808227362e-05
2725	3.808051374e-05
2726	3.807858974e-05
2727	3.807691466e-05
2728	3.807516392e-05
2729	3.805684865e-05
2730	3.805502572e-05
2731	3.802492174e-05
2732	3.800557762e-05
2733	3.799166484e-05
2734	3.796424141e-05
2735	3.793350499e-05
2736	3.791201655e-05
2737	3.790568842e-05
2738	3.790259058e-05
2739	3.790070082e-05
2740	3.78989955e-05
2741	3.788104709e-05
2742	3.787925011e-05
2743	3.785213337e-05
2744	3.784736966e-05
2745	3.78456024e-05
2746	3.784463132e-05
2747	3.781610467e-05
2748	3.777935586e-05
2749	3.777454147e-05
2750	3.777381862e-05
2751	3.775381738e-05
2752	3.775213549e-05
2753	3.772082168e-05
2754	3.769054611e-05
2755	3.767283061e-05
2756	3.767093522e-05
2757	3.766929402e-05
2758	3.766571979e-05
2759	3.76638004e-05
2760	3.76577458e-05
2761	3.763995388e-05
2762	3.761110819e-05
2763	3.758216119e-05
2764	3.757581571e-05
2765	3.757405287e-05
2766	3.754823186e-05
2767	3.752656683e-05
2768	3.749824176e-05
2769	3.749546769e-05
2770	3.749390758e-05
2771	3.749172945e-05
2772	3.748137026e-05
2773	3.745588405e-05
2774	3.745391674e-05
2775	3.74476779e-05
2776	3.744586185e-05
2777	3.74282296e-05
2778	3.742616136e-05
2779	3.742424516e-05
2780	3.739574657e-05
2781	3.73758146e-05
2782	3.737388958e-05
2783	3.737242686e-05
2784	3.737068873e-05
2785	3.736887949e-05
2786	3.736642926e-05
2787	3.736468068e-05
2788	3.732618869e-05
2789	3.73231001e-05
2790	3.731062743e-05
2791	3.727979735e-05
2792	3.727836513e-05
2793	3.727636906e-05
2794	3.726971625e-05
2795	3.726823171e-05
2796	3.726378841e-05
2797	3.724909855e-05
2798	3.724757403e-05
2799	3.722627209e-05
2800	3.72245007e-05
2801	3.722258455e-05
2802	3.719950412e-05
2803	3.719801773e-05
2804	3.717254484e-05
2805	3.713559822e-05
2806	3.710801466e-05
2807	3.708399924e-05
2808	3.708199916e-05
2809	3.706680706e-05
2810	3.706509399e-05
2811	3.706343093e-05
2812	3.706140554e-05
2813	3.705684254e-05
2814	3.705622064e-05
2815	3.705448848e-05
2816	3.705288859e-05
2817	3.702833111e-05
2818	3.702635139e-05
2819	3.702445202e-05
2820	3.702264825e-05
2821	3.70207688e-05
2822	3.701905272e-05
2823	3.701701649e-05
2824	3.70148923e-05
2825	3.701028458e-05
2826	3.700579292e-05
2827	3.70041724e-05
2828	3.699699542e-05
2829	3.69954099e-05
2830	3.699325072e-05
2831	3.699176349e-05
2832	3.699027462e-05
2833	3.698953385e-05
2834	3.696351144e-05
2835	3.696175648e-05
2836	3.692830496e-05
2837	3.689919269e-05
2838	3.689716085e-05
2839	3.689385909e-05
2840	3.689178816e-05
2841	3.687346529e-05
2842	3.687164326e-05
2843	3.686824928e-05
2844	3.684768368e-05
2845	3.682758668e-05
2846	3.682556536e-05
2847	3.682369686e-05
2848	3.681675737e-05
2849	3.681296241e-05
2850	3.681152024e-05
2851	3.679148097e-05
2852	3.679012405e-05
2853	3.678960387e-05
2854	3.678758836e-05
2855	3.676817215e-05
2856	3.676644112e-05
2857	3.676477601e-05
2858	3.676208176e-05
2859	3.676080728e-05
2860	3.672657461e-05
2861	3.672446082e-05
2862	3.670101998e-05
2863	3.669804227e-05
2864	3.669634237e-05
2865	3.668886852e-05
2866	3.668738753e-05
2867	3.667278204e-05
2868	3.6668639e-05
2869	3.666522339e-05
2870	3.664452697e-05
2871	3.661674845e-05
2872	3.661489234e-05
2873	3.661317786e-05
2874	3.659024651e-05
2875	3.658847512e-05
2876	3.656494317e-05
2877	3.656142594e-05
2878	3.655989249e-05
2879	3.654599635e-05
2880	3.654196599e-05
2881	3.653537436e-05
2882	3.651865905e-05
2883	3.651074634e-05
2884	3.651004183e-05
2885	3.650906904e-05
2886	3.648999768e-05
2887	3.64884253e-05
2888	3.646700842e-05
2889	3.646526051e-05
2890	3.646383539e-05
2891	3.646220047e-05
2892	3.645292999e-05
2893	3.644857427e-05
2894	3.644698804e-05
2895	3.64428259e-05
2896	3.644144311e-05
2897	3.643771822e-05
2898	3.643597829e-05
2899	3.643174842e-05
2900	3.643070923e-05
2901	3.640823315e-05
2902	3.640694951e-05
2903	3.639964754e-05
2904	3.639831334e-05
2905	3.637188292e-05
2906	3.637132076e-05
2907	3.634242424e-05
2908	3.634061983e-05
2909	3.633899917e-05
2910	3.631267718e-05
2911	3.628341444e-05
2912	3.625964786e-05
2913	3.625800554e-05
2914	3.623575272e-05
2915	3.62172144e-05
2916	3.618707166e-05
2917	3.618528149e-05
2918	3.618380327e-05
2919	3.618205331e-05
2920	3.617797883e-05
2921	3.615980995e-05
2922	3.615847065e-05
2923	3.613311324e-05
2924	3.613106239e-05
2925	3.612992686e-05
2926	3.612856319e-05
2927	3.61269264e-05
2928	3.61233001e-05
2929	3.612168986e-05
2930	3.610351018e-05
2931	3.609554855e-05
2932	3.608638532e-05
2933	3.605728565e-05
2934	3.60553858e-05
2935	3.604678745e-05
2936	3.60448887e-05
2937	3.604341331e-05
2938	3.604168545e-05
2939	3.603968469e-05
2940	3.601440843e-05
2941	3.601282545e-05
2942	3.601083104e-05
2943	3.598042893e-05
2944	3.596030626e-05
2945	3.59584982e-05
2946	3.594092036e-05
2947	3.593700719e-05
2948	3.593431636e-05
2949	3.591685443e-05
2950	3.589713489e-05
2951	3.589546075e-05
2952	3.589374884e-05
2953	3.58926584e-05
2954	3.589062208e-05
2955	3.586254174e-05
2956	3.586107573e-05
2957	3.584089789e-05
2958	3.583889289e-05
2959	3.581768764e-05
2960	3.581615661e-05
2961	3.581452583e-05
2962	3.581314172e-05
2963	3.579648515e-05
2964	3.576776676e-05
2965	3.576531716e-05
2966	3.576264309e-05
2967	3.574385663e-05
2968	3.574219661e-05
2969	3.572469381e-05
2970	3.569324424e-05
2971	3.566445566e-05
2972	3.566265773e-05
2973	3.566032388e-05
2974	3.565842473e-05
2975	3.56334441e-05
2976	3.561582163e-05
2977	3.561430157e-05
2978	3.561027833e-05
2979	3.560876358e-05
2980	3.558172226e-05
2981	3.555590368e-05
2982	3.555195953e-05
2983	3.555025612e-05
2984	3.554857189e-05
2985	3.553039088e-05
2986	3.552760032e-05
2987	3.552019278e-05
2988	3.551618576e-05
2989	3.54937799e-05
2990	3.547502346e-05
2991	3.547221394e-05
2992	3.547069817e-05
2993	3.54541696e-05
2994	3.545239911e-05
2995	3.544889942e-05
2996	3.544767412e-05
2997	3.544356838e-05
2998	3.543046273e-05
2999	3.542876836e-05
